<?xml version="1.0"?>
<OSCOutputGroup>
  <oscMessage>/wek/outputs</oscMessage>
  <hostName>localhost</hostName>
  <outputPort>12000</outputPort>
  <outputs class="linked-list">
    <wekimini.osc.OSCDtwOutput>
      <name>output</name>
      <numGestures>4</numGestures>
      <gestureNames>
        <string>one</string>
        <string>two</string>
        <string>three</string>
        <string>silence</string>
      </gestureNames>
      <gestureOscMessages>
        <string>/one</string>
        <string>/two</string>
        <string>/three</string>
        <string>/silence</string>
      </gestureOscMessages>
      <outputOscMessage>output</outputOscMessage>
    </wekimini.osc.OSCDtwOutput>
  </outputs>
</OSCOutputGroup>